Date,StartDateTime,EndDateTime,Sensor,Translate01,Translate02,Message,SensorType,Activity
2013-03-03,2013-03-03 03:53:55,2013-03-03 03:54:23,MA015,Bedroom,Bedroom,ON,Control4-MotionArea,Other_Activity
2013-03-03,2013-03-03 03:54:27,2013-03-03 03:57:21,MA006,Bathroom,Bathroom,ON,Control4-MotionArea,Bed_Toilet_Transition
2013-03-03,2013-03-03 03:57:24,2013-03-03 03:58:18,LS006,Ignore,Ignore,24,Control4-LightSensor,Other_Activity
2013-03-03,2013-03-03 03:58:22,2013-03-03 07:14:10,MA014,Bedroom,Bedroom,ON,Control4-MotionArea,Sleep
2013-03-03,2013-03-03 07:14:13,2013-03-03 07:15:44,MA007,Bedroom,Bedroom,ON,Control4-MotionArea,Other_Activity
2013-03-03,2013-03-03 07:15:44,2013-03-03 07:21:50,MA006,Bathroom,Bathroom,ON,Control4-MotionArea,Personal_Hygiene
2013-03-03,2013-03-03 07:21:52,2013-03-03 07:21:52,LS006,Ignore,Ignore,68,Control4-LightSensor,Other_Activity
2013-03-03,2013-03-03 07:21:52,2013-03-03 07:27:44,MA006,Bathroom,Bathroom,ON,Control4-MotionArea,Bathe
2013-03-03,2013-03-03 07:27:51,2013-03-03 07:31:09,MA006,Bathroom,Bathroom,ON,Control4-MotionArea,Groom
2013-03-03,2013-03-03 07:31:11,2013-03-03 07:31:16,LS004,Ignore,Ignore,3,Control4-LightSensor,Other_Activity
2013-03-03,2013-03-03 07:31:22,2013-03-03 07:46:52,MA007,Bedroom,Bedroom,ON,Control4-MotionArea,Dress
2013-03-03,2013-03-03 07:46:56,2013-03-03 07:47:06,MA016,LivingRoom,LivingRoom,ON,Control4-MotionArea,Other_Activity
2013-03-03,2013-03-03 07:47:06,2013-03-03 07:51:30,MA011,Kitchen,Kitchen,ON,Control4-MotionArea,Cook_Breakfast
2013-03-03,2013-03-03 07:51:32,2013-03-03 07:52:00,LS013,Ignore,Ignore,8,Control4-LightSensor,Other_Activity
2013-03-03,2013-03-03 07:52:00,2013-03-03 07:52:12,M001,Kitchen,Kitchen,ON,Control4-Motion,Cook_Breakfast
2013-03-03,2013-03-03 07:52:12,2013-03-03 07:53:16,MA013,DiningRoom,DiningRoom,ON,Control4-MotionArea,Other_Activity
2013-03-03,2013-03-03 07:53:17,2013-03-03 07:56:31,MA006,Bathroom,Bathroom,ON,Control4-MotionArea,Toilet
2013-03-03,2013-03-03 07:56:33,2013-03-03 07:58:55,LS006,Ignore,Ignore,0,Control4-LightSensor,Other_Activity
2013-03-03,2013-03-03 07:58:56,2013-03-03 08:02:29,M001,Kitchen,Kitchen,ON,Control4-Motion,Cook_Breakfast
2013-03-03,2013-03-03 08:02:29,2013-03-03 08:02:29,LS011,Ignore,Ignore,32,Control4-LightSensor,Other_Activity
2013-03-03,2013-03-03 08:02:29,2013-03-03 08:03:29,MA011,Kitchen,Kitchen,ON,Control4-MotionArea,Morning_Meds
2013-03-03,2013-03-03 08:03:29,2013-03-03 08:06:12,MA013,DiningRoom,DiningRoom,ON,Control4-MotionArea,Other_Activity
2013-03-03,2013-03-03 08:06:13,2013-03-03 08:14:32,MA007,Bedroom,Bedroom,ON,Control4-MotionArea,Eat_Breakfast
2013-03-03,2013-03-03 08:14:37,2013-03-03 08:15:07,MA016,LivingRoom,LivingRoom,ON,Control4-MotionArea,Other_Activity
2013-03-03,2013-03-03 08:15:07,2013-03-03 08:26:18,MA007,Bedroom,Bedroom,ON,Control4-MotionArea,Watch_TV
2013-03-03,2013-03-03 08:26:21,2013-03-03 08:26:25,LS016,Ignore,Ignore,47,Control4-LightSensor,Other_Activity
2013-03-03,2013-03-03 08:26:26,2013-03-03 08:26:26,D002,OutsideDoor,FrontDoor,OPEN,Control4-Door,Entertain_Guests
2013-03-03,2013-03-03 08:26:28,2013-03-03 08:26:30,LS003,Ignore,Ignore,12,Control4-LightSensor,Other_Activity
2013-03-03,2013-03-03 08:26:30,2013-03-03 08:31:00,M003,OutsideDoor,Entry,ON,Control4-Motion,Entertain_Guests
2013-03-03,2013-03-03 08:31:02,2013-03-03 08:31:02,LS004,Ignore,Ignore,17,Control4-LightSensor,Other_Activity
2013-03-03,2013-03-03 08:31:02,2013-03-03 08:31:18,M004,LivingRoom,Hall,ON,Control4-Motion,Leave_Home
2013-03-03,2013-03-03 08:32:27,2013-03-03 10:11:06,LS015,Ignore,Ignore,38,Control4-LightSensor,Other_Activity
2013-03-03,2013-03-03 10:11:33,2013-03-03 10:11:53,D002,OutsideDoor,FrontDoor,OPEN,Control4-Door,Enter_Home
2013-03-03,2013-03-03 10:12:18,2013-03-03 10:12:30,MA013,DiningRoom,DiningRoom,ON,Control4-MotionArea,Other_Activity
2013-03-03,2013-03-03 10:12:33,2013-03-03 10:13:36,MA011,Kitchen,Kitchen,ON,Control4-MotionArea,Drink
2013-03-03,2013-03-03 10:13:38,2013-03-03 10:14:06,LS002,Ignore,Ignore,0,Control4-LightSensor,Other_Activity
2013-03-03,2013-03-03 10:14:08,2013-03-03 10:15:55,MA006,Bathroom,Bathroom,ON,Control4-MotionArea,Toilet
2013-03-03,2013-03-03 10:15:58,2013-03-03 10:16:03,LS004,Ignore,Ignore,7,Control4-LightSensor,Other_Activity
2013-03-03,2013-03-03 10:16:09,2013-03-03 10:17:48,MA007,Bedroom,Bedroom,ON,Control4-MotionArea,Dress
2013-03-03,2013-03-03 10:17:53,2013-03-03 10:18:34,LS016,Ignore,Ignore,16,Control4-LightSensor,Other_Activity
2013-03-03,2013-03-03 10:18:39,2013-03-03 10:18:51,M004,LivingRoom,Hall,ON,Control4-Motion,Leave_Home
2013-03-03,2013-03-03 10:21:02,2013-03-03 13:18:35,T104,Ignore,BedroomTemp,24,Control4-Temperature,Other_Activity
2013-03-03,2013-03-03 13:19:37,2013-03-03 13:20:03,D002,OutsideDoor,FrontDoor,OPEN,Control4-Door,Enter_Home
2013-03-03,2013-03-03 13:20:05,2013-03-03 13:20:05,LS006,Ignore,Ignore,5,Control4-LightSensor,Other_Activity
2013-03-03,2013-03-03 13:20:05,2013-03-03 13:21:50,MA006,Bathroom,Bathroom,ON,Control4-MotionArea,Toilet
2013-03-03,2013-03-03 13:21:55,2013-03-03 13:22:55,LS004,Ignore,Ignore,25,Control4-LightSensor,Other_Activity
2013-03-03,2013-03-03 13:22:55,2013-03-03 13:30:13,MA007,Bedroom,Bedroom,ON,Control4-MotionArea,Watch_TV
2013-03-03,2013-03-03 13:30:13,2013-03-03 13:30:35,MA007,Bedroom,Bedroom,ON,Control4-MotionArea,Other_Activity
2013-03-03,2013-03-03 13:30:35,2013-03-03 13:39:23,MA011,Kitchen,Kitchen,ON,Control4-MotionArea,Cook_Lunch
2013-03-03,2013-03-03 13:39:24,2013-03-03 13:39:36,MA013,DiningRoom,DiningRoom,ON,Control4-MotionArea,Other_Activity
2013-03-03,2013-03-03 13:39:36,2013-03-03 13:39:36,MA007,Bedroom,Bedroom,ON,Control4-MotionArea,Eat_Lunch
2013-03-03,2013-03-03 13:39:38,2013-03-03 13:39:38,LS015,Ignore,Ignore,29,Control4-LightSensor,Other_Activity
2013-03-03,2013-03-03 13:39:38,2013-03-03 13:39:38,MA015,Bedroom,Bedroom,ON,Control4-MotionArea,Eat_Lunch
2013-03-03,2013-03-03 13:39:39,2013-03-03 13:39:39,LS007,Ignore,Ignore,34,Control4-LightSensor,Other_Activity
2013-03-03,2013-03-03 13:39:39,2013-03-03 13:39:40,MA007,Bedroom,Bedroom,OFF,Control4-MotionArea,Eat_Lunch
2013-03-03,2013-03-03 13:39:41,2013-03-03 13:39:41,LS014,Ignore,Ignore,28,Control4-LightSensor,Other_Activity
2013-03-03,2013-03-03 13:39:41,2013-03-03 13:39:43,MA014,Bedroom,Bedroom,ON,Control4-MotionArea,Eat_Lunch
2013-03-03,2013-03-03 13:39:43,2013-03-03 13:39:44,T106,Ignore,KitchenTemp,26,Control4-Temperature,Other_Activity
2013-03-03,2013-03-03 13:39:44,2013-03-03 13:39:44,MA007,Bedroom,Bedroom,ON,Control4-MotionArea,Eat_Lunch
2013-03-03,2013-03-03 13:39:44,2013-03-03 13:39:44,MA015,Bedroom,Bedroom,OFF,Control4-MotionArea,Other_Activity
2013-03-03,2013-03-03 13:39:44,2013-03-03 13:39:44,MA014,Bedroom,Bedroom,OFF,Control4-MotionArea,Eat_Lunch
2013-03-03,2013-03-03 13:39:46,2013-03-03 13:39:46,LS007,Ignore,Ignore,34,Control4-LightSensor,Other_Activity
2013-03-03,2013-03-03 13:39:46,2013-03-03 13:39:47,MA007,Bedroom,Bedroom,OFF,Control4-MotionArea,Eat_Lunch
2013-03-03,2013-03-03 13:41:46,2013-03-03 13:58:43,LS004,Ignore,Ignore,24,Control4-LightSensor,Other_Activity
2013-03-03,2013-03-03 13:58:43,2013-03-03 15:03:32,MA014,Bedroom,Bedroom,ON,Control4-MotionArea,Sleep
2013-03-03,2013-03-03 15:03:35,2013-03-03 15:06:25,LS015,Ignore,Ignore,15,Control4-LightSensor,Other_Activity
2013-03-03,2013-03-03 15:06:25,2013-03-03 15:07:22,MA011,Kitchen,Kitchen,ON,Control4-MotionArea,Wash_Lunch_Dishes
2013-03-03,2013-03-03 15:07:22,2013-03-03 15:08:24,LS013,Ignore,Ignore,20,Control4-LightSensor,Other_Activity
2013-03-03,2013-03-03 15:08:25,2013-03-03 15:42:13,MA007,Bedroom,Bedroom,ON,Control4-MotionArea,Sleep
2013-03-03,2013-03-03 15:42:13,2013-03-03 15:42:39,LS007,Ignore,Ignore,7,Control4-LightSensor,Other_Activity
2013-03-03,2013-03-03 15:42:40,2013-03-03 15:44:06,MA011,Kitchen,Kitchen,ON,Control4-MotionArea,Drink
2013-03-03,2013-03-03 15:44:08,2013-03-03 15:44:22,LS013,Ignore,Ignore,8,Control4-LightSensor,Other_Activity
2013-03-03,2013-03-03 15:44:26,2013-03-03 15:46:58,MA006,Bathroom,Bathroom,ON,Control4-MotionArea,Toilet
2013-03-03,2013-03-03 15:47:03,2013-03-03 15:47:55,M004,LivingRoom,Hall,ON,Control4-Motion,Other_Activity
2013-03-03,2013-03-03 15:47:55,2013-03-03 16:28:04,MA014,Bedroom,Bedroom,ON,Control4-MotionArea,Watch_TV
2013-03-03,2013-03-03 16:28:04,2013-03-03 16:32:29,MA015,Bedroom,Bedroom,ON,Control4-MotionArea,Dress
2013-03-03,2013-03-03 16:32:35,2013-03-03 16:33:11,LS016,Ignore,Ignore,10,Control4-LightSensor,Other_Activity
2013-03-03,2013-03-03 16:33:12,2013-03-03 16:34:18,M004,LivingRoom,Hall,ON,Control4-Motion,Leave_Home
2013-03-03,2013-03-03 16:37:14,2013-03-03 16:52:24,LS013,Ignore,Ignore,7,Control4-LightSensor,Other_Activity
2013-03-03,2013-03-03 16:52:48,2013-03-03 16:53:45,D002,OutsideDoor,FrontDoor,OPEN,Control4-Door,Enter_Home
2013-03-03,2013-03-03 16:53:48,2013-03-03 16:59:44,LS013,Ignore,Ignore,3,Control4-LightSensor,Other_Activity
2013-03-03,2013-03-03 16:59:44,2013-03-03 17:04:32,M001,Kitchen,Kitchen,ON,Control4-Motion,Cook_Dinner
2013-03-03,2013-03-03 17:04:32,2013-03-03 17:04:40,MA013,DiningRoom,DiningRoom,ON,Control4-MotionArea,Other_Activity
2013-03-03,2013-03-03 17:04:44,2013-03-03 18:15:37,MA007,Bedroom,Bedroom,ON,Control4-MotionArea,Watch_TV
2013-03-03,2013-03-03 18:15:52,2013-03-03 18:15:55,MA013,DiningRoom,DiningRoom,ON,Control4-MotionArea,Other_Activity
2013-03-03,2013-03-03 18:15:57,2013-03-03 18:17:21,M001,Kitchen,Kitchen,ON,Control4-Motion,Cook_Dinner
2013-03-03,2013-03-03 18:17:21,2013-03-03 18:17:44,MA013,DiningRoom,DiningRoom,ON,Control4-MotionArea,Other_Activity
2013-03-03,2013-03-03 18:17:47,2013-03-03 18:19:53,MA006,Bathroom,Bathroom,ON,Control4-MotionArea,Toilet
2013-03-03,2013-03-03 18:20:00,2013-03-03 18:23:14,LS004,Ignore,Ignore,3,Control4-LightSensor,Other_Activity
2013-03-03,2013-03-03 18:23:25,2013-03-03 18:25:26,MA011,Kitchen,Kitchen,ON,Control4-MotionArea,Cook_Dinner
2013-03-03,2013-03-03 18:25:26,2013-03-03 18:25:53,MA013,DiningRoom,DiningRoom,ON,Control4-MotionArea,Other_Activity
2013-03-03,2013-03-03 18:25:53,2013-03-03 18:28:05,MA011,Kitchen,Kitchen,ON,Control4-MotionArea,Cook_Dinner
2013-03-03,2013-03-03 18:28:06,2013-03-03 18:28:17,LS013,Ignore,Ignore,3,Control4-LightSensor,Other_Activity
2013-03-03,2013-03-03 18:28:17,2013-03-03 18:29:59,MA007,Bedroom,Bedroom,ON,Control4-MotionArea,Eat_Dinner
2013-03-03,2013-03-03 18:30:10,2013-03-03 18:30:44,LS013,Ignore,Ignore,4,Control4-LightSensor,Other_Activity
2013-03-03,2013-03-03 18:30:44,2013-03-03 18:43:09,MA007,Bedroom,Bedroom,ON,Control4-MotionArea,Eat_Dinner
2013-03-03,2013-03-03 18:44:11,2013-03-03 18:48:34,T104,Ignore,BedroomTemp,23,Control4-Temperature,Other_Activity
2013-03-03,2013-03-03 18:52:05,2013-03-03 19:53:35,MA014,Bedroom,Bedroom,ON,Control4-MotionArea,Watch_TV
2013-03-03,2013-03-03 19:53:44,2013-03-03 19:54:04,MA007,Bedroom,Bedroom,ON,Control4-MotionArea,Other_Activity
2013-03-03,2013-03-03 19:54:04,2013-03-03 19:54:38,M001,Kitchen,Kitchen,ON,Control4-Motion,Evening_Meds
2013-03-03,2013-03-03 19:54:39,2013-03-03 19:55:08,LS013,Ignore,Ignore,3,Control4-LightSensor,Other_Activity
2013-03-03,2013-03-03 19:55:16,2013-03-03 19:56:01,MA007,Bedroom,Bedroom,ON,Control4-MotionArea,Watch_TV
2013-03-03,2013-03-03 19:56:09,2013-03-03 19:56:24,M004,LivingRoom,Hall,ON,Control4-Motion,Other_Activity
2013-03-03,2013-03-03 19:56:32,2013-03-03 20:08:36,MA007,Bedroom,Bedroom,ON,Control4-MotionArea,Watch_TV
2013-03-03,2013-03-03 20:08:36,2013-03-03 20:08:54,MA007,Bedroom,Bedroom,ON,Control4-MotionArea,Other_Activity
2013-03-03,2013-03-03 20:08:54,2013-03-03 20:13:57,MA011,Kitchen,Kitchen,ON,Control4-MotionArea,Wash_Dinner_Dishes
2013-03-03,2013-03-03 20:13:58,2013-03-03 20:14:51,LS002,Ignore,Ignore,3,Control4-LightSensor,Other_Activity
2013-03-03,2013-03-03 20:14:56,2013-03-03 20:19:30,MA015,Bedroom,Bedroom,ON,Control4-MotionArea,Watch_TV
2013-03-03,2013-03-03 20:19:30,2013-03-03 20:19:30,MA014,Bedroom,Bedroom,ON,Control4-MotionArea,Other_Activity
2013-03-03,2013-03-03 20:19:31,2013-03-03 20:19:31,MA007,Bedroom,Bedroom,OFF,Control4-MotionArea,Watch_TV
2013-03-03,2013-03-03 20:19:32,2013-03-03 20:19:32,MA015,Bedroom,Bedroom,ON,Control4-MotionArea,Dress
2013-03-03,2013-03-03 20:19:33,2013-03-03 20:19:35,MA014,Bedroom,Bedroom,OFF,Control4-MotionArea,Other_Activity
2013-03-03,2013-03-03 20:19:35,2013-03-03 20:19:35,MA015,Bedroom,Bedroom,OFF,Control4-MotionArea,Dress
2013-03-03,2013-03-03 20:19:36,2013-03-03 20:19:36,LS007,Ignore,Ignore,15,Control4-LightSensor,Other_Activity
2013-03-03,2013-03-03 20:19:36,2013-03-03 20:20:19,MA007,Bedroom,Bedroom,OFF,Control4-MotionArea,Dress
2013-03-03,2013-03-03 20:20:22,2013-03-03 20:20:35,LS012,Ignore,Ignore,0,Control4-LightSensor,Other_Activity
2013-03-03,2013-03-03 20:20:35,2013-03-03 20:28:40,MA006,Bathroom,Bathroom,ON,Control4-MotionArea,Groom
2013-03-03,2013-03-03 20:28:40,2013-03-03 20:30:23,LS006,Ignore,Ignore,0,Control4-LightSensor,Other_Activity
2013-03-03,2013-03-03 20:30:24,2013-03-04 00:47:06,MA015,Bedroom,Bedroom,ON,Control4-MotionArea,Sleep
2013-03-10,2013-03-10 05:56:30,2013-03-10 07:06:04,MA014,Bedroom,Bedroom,ON,Control4-MotionArea,Watch_TV
2013-03-10,2013-03-10 07:06:06,2013-03-10 07:06:33,LS007,Ignore,Ignore,14,Control4-LightSensor,Other_Activity
2013-03-10,2013-03-10 07:06:33,2013-03-10 07:12:52,MA006,Bathroom,Bathroom,ON,Control4-MotionArea,Personal_Hygiene
2013-03-10,2013-03-10 07:13:00,2013-03-10 07:13:49,LS004,Ignore,Ignore,3,Control4-LightSensor,Other_Activity
2013-03-10,2013-03-10 07:13:51,2013-03-10 07:13:58,MA006,Bathroom,Bathroom,ON,Control4-MotionArea,Personal_Hygiene
2013-03-10,2013-03-10 07:14:00,2013-03-10 07:14:02,T103,Ignore,BathroomTemp,23,Control4-Temperature,Other_Activity
2013-03-10,2013-03-10 07:14:02,2013-03-10 07:14:02,MA006,Bathroom,Bathroom,OFF,Control4-MotionArea,Personal_Hygiene
2013-03-10,2013-03-10 07:14:07,2013-03-10 07:14:19,LS004,Ignore,Ignore,3,Control4-LightSensor,Other_Activity
2013-03-10,2013-03-10 07:14:19,2013-03-10 07:26:30,MA007,Bedroom,Bedroom,ON,Control4-MotionArea,Dress
2013-03-10,2013-03-10 07:26:33,2013-03-10 07:28:07,MA016,LivingRoom,LivingRoom,ON,Control4-MotionArea,Other_Activity
2013-03-10,2013-03-10 07:28:08,2013-03-10 07:28:28,M001,Kitchen,Kitchen,ON,Control4-Motion,Morning_Meds
2013-03-10,2013-03-10 07:28:28,2013-03-10 07:29:13,MA013,DiningRoom,DiningRoom,ON,Control4-MotionArea,Other_Activity
2013-03-10,2013-03-10 07:29:18,2013-03-10 07:31:40,MA007,Bedroom,Bedroom,ON,Control4-MotionArea,Dress
2013-03-10,2013-03-10 07:31:49,2013-03-10 07:32:53,M004,LivingRoom,Hall,ON,Control4-Motion,Leave_Home
2013-03-10,2013-03-10 07:36:36,2013-03-10 07:46:45,LS002,Ignore,Ignore,36,Control4-LightSensor,Other_Activity
2013-03-10,2013-03-10 07:48:24,2013-03-10 07:48:52,D002,OutsideDoor,FrontDoor,OPEN,Control4-Door,Enter_Home
2013-03-10,2013-03-10 07:48:58,2013-03-10 07:49:00,MA013,DiningRoom,DiningRoom,ON,Control4-MotionArea,Other_Activity
2013-03-10,2013-03-10 07:49:01,2013-03-10 07:50:09,MA011,Kitchen,Kitchen,ON,Control4-MotionArea,Cook_Breakfast
2013-03-10,2013-03-10 07:50:09,2013-03-10 07:53:36,LS013,Ignore,Ignore,4,Control4-LightSensor,Other_Activity
2013-03-10,2013-03-10 07:53:37,2013-03-10 08:04:09,MA011,Kitchen,Kitchen,ON,Control4-MotionArea,Cook_Breakfast
2013-03-10,2013-03-10 08:04:10,2013-03-10 08:04:22,LS013,Ignore,Ignore,4,Control4-LightSensor,Other_Activity
2013-03-10,2013-03-10 08:04:25,2013-03-10 08:04:25,MA015,Bedroom,Bedroom,ON,Control4-MotionArea,Eat_Breakfast
2013-03-10,2013-03-10 08:04:26,2013-03-10 08:04:26,MA007,Bedroom,Bedroom,OFF,Control4-MotionArea,Other_Activity
2013-03-10,2013-03-10 08:04:26,2013-03-10 08:30:04,MA014,Bedroom,Bedroom,ON,Control4-MotionArea,Eat_Breakfast
2013-03-10,2013-03-10 08:30:10,2013-03-10 09:12:08,MA007,Bedroom,Bedroom,ON,Control4-MotionArea,Watch_TV
2013-03-10,2013-03-10 09:12:17,2013-03-10 09:12:27,M004,LivingRoom,Hall,ON,Control4-Motion,Other_Activity
2013-03-10,2013-03-10 09:12:27,2013-03-10 09:15:15,MA006,Bathroom,Bathroom,ON,Control4-MotionArea,Groom
2013-03-10,2013-03-10 09:15:18,2013-03-10 09:15:56,M004,LivingRoom,Hall,ON,Control4-Motion,Other_Activity
2013-03-10,2013-03-10 09:15:57,2013-03-10 09:19:46,MA011,Kitchen,Kitchen,ON,Control4-MotionArea,Wash_Breakfast_Dishes
2013-03-10,2013-03-10 09:19:47,2013-03-10 09:19:56,LS013,Ignore,Ignore,9,Control4-LightSensor,Other_Activity
2013-03-10,2013-03-10 09:20:00,2013-03-10 10:15:00,MA007,Bedroom,Bedroom,ON,Control4-MotionArea,Watch_TV
2013-03-10,2013-03-10 10:15:08,2013-03-10 10:15:15,LS004,Ignore,Ignore,8,Control4-LightSensor,Other_Activity
2013-03-10,2013-03-10 10:15:15,2013-03-10 10:17:45,MA006,Bathroom,Bathroom,ON,Control4-MotionArea,Toilet
2013-03-10,2013-03-10 10:18:01,2013-03-10 10:23:56,LS004,Ignore,Ignore,9,Control4-LightSensor,Other_Activity
2013-03-10,2013-03-10 10:23:56,2013-03-10 10:26:12,MA011,Kitchen,Kitchen,ON,Control4-MotionArea,Wash_Dishes
2013-03-10,2013-03-10 10:26:17,2013-03-10 10:26:17,LS013,Ignore,Ignore,14,Control4-LightSensor,Other_Activity
2013-03-10,2013-03-10 10:26:17,2013-03-10 10:29:44,MA013,DiningRoom,DiningRoom,ON,Control4-MotionArea,Work_At_Table
2013-03-10,2013-03-10 10:29:51,2013-03-10 10:30:16,LS016,Ignore,Ignore,16,Control4-LightSensor,Other_Activity
2013-03-10,2013-03-10 10:30:23,2013-03-10 10:30:38,M004,LivingRoom,Hall,ON,Control4-Motion,Leave_Home
2013-03-10,2013-03-10 10:31:08,2013-03-10 13:38:00,T106,Ignore,KitchenTemp,24,Control4-Temperature,Other_Activity
2013-03-10,2013-03-10 13:39:08,2013-03-10 13:39:30,D002,OutsideDoor,FrontDoor,OPEN,Control4-Door,Enter_Home
2013-03-10,2013-03-10 13:39:41,2013-03-10 13:40:10,LS013,Ignore,Ignore,18,Control4-LightSensor,Other_Activity
2013-03-10,2013-03-10 13:40:10,2013-03-10 13:45:58,MA014,Bedroom,Bedroom,ON,Control4-MotionArea,Phone
2013-03-10,2013-03-10 13:45:59,2013-03-10 13:46:13,LS007,Ignore,Ignore,14,Control4-LightSensor,Other_Activity
2013-03-10,2013-03-10 13:46:13,2013-03-10 13:48:31,MA006,Bathroom,Bathroom,ON,Control4-MotionArea,Toilet
2013-03-10,2013-03-10 13:48:34,2013-03-10 13:53:08,M004,LivingRoom,Hall,ON,Control4-Motion,Other_Activity
2013-03-10,2013-03-10 13:53:10,2013-03-10 14:02:15,MA011,Kitchen,Kitchen,ON,Control4-MotionArea,Wash_Dishes
2013-03-10,2013-03-10 14:02:17,2013-03-10 14:02:36,LS013,Ignore,Ignore,12,Control4-LightSensor,Other_Activity
2013-03-10,2013-03-10 14:02:36,2013-03-10 15:51:16,MA014,Bedroom,Bedroom,ON,Control4-MotionArea,Sleep
2013-03-10,2013-03-10 15:51:17,2013-03-10 16:01:05,MA014,Bedroom,Bedroom,ON,Control4-MotionArea,Other_Activity
2013-03-10,2013-03-10 16:01:05,2013-03-10 16:02:32,M003,OutsideDoor,Entry,ON,Control4-Motion,Leave_Home
2013-03-10,2013-03-10 16:05:55,2013-03-10 16:07:49,LS013,Ignore,Ignore,7,Control4-LightSensor,Other_Activity
2013-03-10,2013-03-10 16:09:30,2013-03-10 16:09:30,M003,OutsideDoor,Entry,ON,Control4-Motion,Enter_Home
2013-03-10,2013-03-10 16:09:30,2013-03-10 16:09:30,T103,Ignore,BathroomTemp,23,Control4-Temperature,Other_Activity
2013-03-10,2013-03-10 16:09:36,2013-03-10 16:09:36,M003,OutsideDoor,Entry,OFF,Control4-Motion,Enter_Home
2013-03-10,2013-03-10 16:09:45,2013-03-10 16:09:45,LS006,Ignore,Ignore,2,Control4-LightSensor,Other_Activity
2013-03-10,2013-03-10 16:09:45,2013-03-10 16:09:54,MA006,Bathroom,Bathroom,ON,Control4-MotionArea,Personal_Hygiene
2013-03-10,2013-03-10 16:09:57,2013-03-10 16:16:01,M003,OutsideDoor,Entry,ON,Control4-Motion,Other_Activity
2013-03-10,2013-03-10 16:16:02,2013-03-10 16:23:26,MA011,Kitchen,Kitchen,ON,Control4-MotionArea,Wash_Dishes
2013-03-10,2013-03-10 16:23:26,2013-03-10 16:29:38,MA013,DiningRoom,DiningRoom,ON,Control4-MotionArea,Other_Activity
2013-03-10,2013-03-10 16:29:40,2013-03-10 16:42:12,MA011,Kitchen,Kitchen,ON,Control4-MotionArea,Wash_Dishes
2013-03-10,2013-03-10 16:42:12,2013-03-10 16:42:31,LS013,Ignore,Ignore,5,Control4-LightSensor,Other_Activity
2013-03-10,2013-03-10 16:42:31,2013-03-10 16:55:49,MA015,Bedroom,Bedroom,ON,Control4-MotionArea,Phone
2013-03-10,2013-03-10 16:55:50,2013-03-10 16:56:06,MA007,Bedroom,Bedroom,ON,Control4-MotionArea,Other_Activity
2013-03-10,2013-03-10 16:56:06,2013-03-10 17:07:09,MA011,Kitchen,Kitchen,ON,Control4-MotionArea,Wash_Dishes
2013-03-10,2013-03-10 17:07:12,2013-03-10 17:07:16,MA013,DiningRoom,DiningRoom,ON,Control4-MotionArea,Other_Activity
2013-03-10,2013-03-10 17:07:22,2013-03-10 17:08:18,M004,LivingRoom,Hall,ON,Control4-Motion,Leave_Home
2013-03-10,2013-03-10 17:13:44,2013-03-10 17:16:48,T106,Ignore,KitchenTemp,27,Control4-Temperature,Other_Activity
2013-03-10,2013-03-10 17:16:57,2013-03-10 17:17:28,M003,OutsideDoor,Entry,ON,Control4-Motion,Enter_Home
2013-03-10,2013-03-10 17:17:40,2013-03-10 17:17:40,LS006,Ignore,Ignore,2,Control4-LightSensor,Other_Activity
2013-03-10,2013-03-10 17:17:40,2013-03-10 17:18:02,MA006,Bathroom,Bathroom,ON,Control4-MotionArea,Personal_Hygiene
2013-03-10,2013-03-10 17:18:05,2013-03-10 17:18:16,LS004,Ignore,Ignore,4,Control4-LightSensor,Other_Activity
2013-03-10,2013-03-10 17:18:18,2013-03-10 17:45:35,MA011,Kitchen,Kitchen,ON,Control4-MotionArea,Cook_Dinner
2013-03-10,2013-03-10 17:45:36,2013-03-10 17:47:06,MA013,DiningRoom,DiningRoom,ON,Control4-MotionArea,Other_Activity
2013-03-10,2013-03-10 17:47:07,2013-03-10 17:50:50,MA011,Kitchen,Kitchen,ON,Control4-MotionArea,Cook_Dinner
2013-03-10,2013-03-10 17:50:51,2013-03-10 17:51:00,MA013,DiningRoom,DiningRoom,ON,Control4-MotionArea,Other_Activity
2013-03-10,2013-03-10 17:51:05,2013-03-10 18:17:17,MA007,Bedroom,Bedroom,ON,Control4-MotionArea,Eat_Dinner
2013-03-10,2013-03-10 18:17:24,2013-03-10 18:17:33,MA016,LivingRoom,LivingRoom,ON,Control4-MotionArea,Other_Activity
2013-03-10,2013-03-10 18:17:34,2013-03-10 18:18:50,MA011,Kitchen,Kitchen,ON,Control4-MotionArea,Evening_Meds
2013-03-10,2013-03-10 18:18:51,2013-03-10 18:19:00,MA013,DiningRoom,DiningRoom,ON,Control4-MotionArea,Other_Activity
2013-03-10,2013-03-10 18:19:05,2013-03-10 18:36:29,MA007,Bedroom,Bedroom,ON,Control4-MotionArea,Watch_TV
2013-03-10,2013-03-10 18:36:40,2013-03-10 18:36:46,LS012,Ignore,Ignore,7,Control4-LightSensor,Other_Activity
2013-03-10,2013-03-10 18:36:46,2013-03-10 18:36:59,M004,LivingRoom,Hall,ON,Control4-Motion,Leave_Home
2013-03-10,2013-03-10 18:38:36,2013-03-10 18:38:48,LS011,Ignore,Ignore,17,Control4-LightSensor,Other_Activity
2013-03-10,2013-03-10 18:41:38,2013-03-10 18:41:54,M003,OutsideDoor,Entry,ON,Control4-Motion,Enter_Home
2013-03-10,2013-03-10 18:41:59,2013-03-10 18:43:05,M004,LivingRoom,Hall,ON,Control4-Motion,Other_Activity
2013-03-10,2013-03-10 18:43:06,2013-03-10 18:46:40,MA011,Kitchen,Kitchen,ON,Control4-MotionArea,Wash_Dinner_Dishes
2013-03-10,2013-03-10 18:46:40,2013-03-10 18:47:17,MA013,DiningRoom,DiningRoom,ON,Control4-MotionArea,Other_Activity
2013-03-10,2013-03-10 18:47:17,2013-03-10 19:36:15,MA015,Bedroom,Bedroom,ON,Control4-MotionArea,Watch_TV
2013-03-10,2013-03-10 19:36:22,2013-03-10 19:36:36,MA016,LivingRoom,LivingRoom,ON,Control4-MotionArea,Other_Activity
2013-03-10,2013-03-10 19:36:36,2013-03-10 19:41:17,MA011,Kitchen,Kitchen,ON,Control4-MotionArea,Wash_Dinner_Dishes
2013-03-10,2013-03-10 19:41:17,2013-03-10 19:41:36,MA013,DiningRoom,DiningRoom,ON,Control4-MotionArea,Other_Activity
2013-03-10,2013-03-10 19:41:36,2013-03-10 19:43:28,MA006,Bathroom,Bathroom,ON,Control4-MotionArea,Toilet
2013-03-10,2013-03-10 19:43:31,2013-03-10 19:44:28,M004,LivingRoom,Hall,ON,Control4-Motion,Other_Activity
2013-03-10,2013-03-10 19:44:28,2013-03-10 19:44:43,M004,LivingRoom,Hall,ON,Control4-Motion,Leave_Home
2013-03-10,2013-03-10 19:45:58,2013-03-10 19:47:40,LS014,Ignore,Ignore,11,Control4-LightSensor,Other_Activity
2013-03-10,2013-03-10 19:49:03,2013-03-10 19:49:58,M003,OutsideDoor,Entry,ON,Control4-Motion,Enter_Home
2013-03-10,2013-03-10 19:50:06,2013-03-10 19:50:06,LS007,Ignore,Ignore,20,Control4-LightSensor,Other_Activity
2013-03-10,2013-03-10 19:50:06,2013-03-10 19:59:27,MA007,Bedroom,Bedroom,ON,Control4-MotionArea,Watch_TV
2013-03-10,2013-03-10 19:59:46,2013-03-10 20:01:00,LS016,Ignore,Ignore,0,Control4-LightSensor,Other_Activity
2013-03-10,2013-03-10 20:01:00,2013-03-10 21:16:41,MA007,Bedroom,Bedroom,ON,Control4-MotionArea,Watch_TV
2013-03-10,2013-03-10 21:16:53,2013-03-10 21:17:28,M004,LivingRoom,Hall,ON,Control4-Motion,Other_Activity
2013-03-10,2013-03-10 21:17:30,2013-03-10 21:20:41,MA006,Bathroom,Bathroom,ON,Control4-MotionArea,Groom
2013-03-10,2013-03-10 21:20:47,2013-03-10 21:20:54,LS004,Ignore,Ignore,7,Control4-LightSensor,Other_Activity
2013-03-10,2013-03-10 21:20:59,2013-03-10 21:25:53,MA007,Bedroom,Bedroom,ON,Control4-MotionArea,Dress
2013-03-10,2013-03-10 21:25:54,2013-03-10 21:26:17,MA007,Bedroom,Bedroom,ON,Control4-MotionArea,Other_Activity
2013-03-10,2013-03-10 21:26:17,2013-03-10 21:28:46,MA006,Bathroom,Bathroom,ON,Control4-MotionArea,Groom
2013-03-10,2013-03-10 21:28:52,2013-03-10 21:29:24,LS003,Ignore,Ignore,5,Control4-LightSensor,Other_Activity
2013-03-10,2013-03-10 21:29:24,2013-03-10 21:32:40,MA007,Bedroom,Bedroom,ON,Control4-MotionArea,Dress
2013-03-10,2013-03-10 21:32:44,2013-03-10 21:32:50,LS007,Ignore,Ignore,0,Control4-LightSensor,Other_Activity
2013-03-10,2013-03-10 21:32:50,2013-03-11 06:03:03,MA014,Bedroom,Bedroom,ON,Control4-MotionArea,Sleep
2013-03-17,2013-03-17 05:31:14,2013-03-17 05:31:51,MA007,Bedroom,Bedroom,ON,Control4-MotionArea,Other_Activity
2013-03-17,2013-03-17 05:31:52,2013-03-17 05:34:57,MA006,Bathroom,Bathroom,ON,Control4-MotionArea,Bed_Toilet_Transition
2013-03-17,2013-03-17 05:34:58,2013-03-17 05:35:46,LS006,Ignore,Ignore,0,Control4-LightSensor,Other_Activity
2013-03-17,2013-03-17 05:35:47,2013-03-17 07:29:23,MA007,Bedroom,Bedroom,ON,Control4-MotionArea,Sleep
2013-03-17,2013-03-17 07:29:24,2013-03-17 07:30:59,LS014,Ignore,Ignore,6,Control4-LightSensor,Other_Activity
2013-03-17,2013-03-17 07:30:59,2013-03-17 07:35:56,M001,Kitchen,Kitchen,ON,Control4-Motion,Drink
2013-03-17,2013-03-17 07:36:04,2013-03-17 07:40:41,LS013,Ignore,Ignore,3,Control4-LightSensor,Other_Activity
2013-03-17,2013-03-17 07:40:44,2013-03-17 07:46:39,MA006,Bathroom,Bathroom,ON,Control4-MotionArea,Personal_Hygiene
2013-03-17,2013-03-17 07:46:46,2013-03-17 07:47:17,LS016,Ignore,Ignore,2,Control4-LightSensor,Other_Activity
2013-03-17,2013-03-17 07:47:24,2013-03-17 08:01:12,MA007,Bedroom,Bedroom,ON,Control4-MotionArea,Dress
2013-03-17,2013-03-17 08:01:18,2013-03-17 08:01:24,M004,LivingRoom,Hall,ON,Control4-Motion,Other_Activity
2013-03-17,2013-03-17 08:01:25,2013-03-17 08:03:15,MA006,Bathroom,Bathroom,ON,Control4-MotionArea,Toilet
2013-03-17,2013-03-17 08:03:18,2013-03-17 08:10:24,LS003,Ignore,Ignore,0,Control4-LightSensor,Other_Activity
2013-03-17,2013-03-17 08:10:24,2013-03-17 08:30:12,MA014,Bedroom,Bedroom,ON,Control4-MotionArea,Phone
2013-03-17,2013-03-17 08:30:19,2013-03-17 08:37:27,LS015,Ignore,Ignore,12,Control4-LightSensor,Other_Activity
2013-03-17,2013-03-17 08:37:30,2013-03-17 08:39:03,MA011,Kitchen,Kitchen,ON,Control4-MotionArea,Drink
2013-03-17,2013-03-17 08:39:38,2013-03-17 08:41:36,LS013,Ignore,Ignore,9,Control4-LightSensor,Other_Activity
2013-03-17,2013-03-17 08:41:54,2013-03-17 08:43:30,MA016,LivingRoom,LivingRoom,ON,Control4-MotionArea,Leave_Home
2013-03-17,2013-03-17 08:46:31,2013-03-17 10:02:16,LS012,Ignore,Ignore,20,Control4-LightSensor,Other_Activity
2013-03-17,2013-03-17 10:02:40,2013-03-17 10:03:07,D002,OutsideDoor,FrontDoor,OPEN,Control4-Door,Enter_Home
2013-03-17,2013-03-17 10:03:24,2013-03-17 10:03:33,LS016,Ignore,Ignore,18,Control4-LightSensor,Other_Activity
2013-03-17,2013-03-17 10:03:33,2013-03-17 10:06:47,MA011,Kitchen,Kitchen,ON,Control4-MotionArea,Drink
2013-03-17,2013-03-17 10:06:48,2013-03-17 10:09:55,LS013,Ignore,Ignore,30,Control4-LightSensor,Other_Activity
2013-03-17,2013-03-17 10:09:55,2013-03-17 10:11:24,MA006,Bathroom,Bathroom,ON,Control4-MotionArea,Toilet
2013-03-17,2013-03-17 10:11:28,2013-03-17 10:12:55,M004,LivingRoom,Hall,ON,Control4-Motion,Other_Activity
2013-03-17,2013-03-17 10:12:55,2013-03-17 10:14:24,MA011,Kitchen,Kitchen,ON,Control4-MotionArea,Drink
2013-03-17,2013-03-17 10:14:24,2013-03-17 10:18:57,MA013,DiningRoom,DiningRoom,ON,Control4-MotionArea,Other_Activity
2013-03-17,2013-03-17 10:18:57,2013-03-17 10:21:16,MA015,Bedroom,Bedroom,ON,Control4-MotionArea,Dress
2013-03-17,2013-03-17 10:21:23,2013-03-17 10:21:32,LS006,Ignore,Ignore,4,Control4-LightSensor,Other_Activity
2013-03-17,2013-03-17 10:21:32,2013-03-17 10:21:46,M004,LivingRoom,Hall,ON,Control4-Motion,Leave_Home
2013-03-17,2013-03-17 10:24:58,2013-03-17 12:58:29,T104,Ignore,BedroomTemp,24,Control4-Temperature,Other_Activity
2013-03-17,2013-03-17 13:00:12,2013-03-17 13:00:41,D002,OutsideDoor,FrontDoor,OPEN,Control4-Door,Enter_Home
2013-03-17,2013-03-17 13:00:42,2013-03-17 13:01:17,LS002,Ignore,Ignore,15,Control4-LightSensor,Other_Activity
2013-03-17,2013-03-17 13:01:20,2013-03-17 13:05:57,MA014,Bedroom,Bedroom,ON,Control4-MotionArea,Phone
2013-03-17,2013-03-17 13:05:57,2013-03-17 13:06:39,MA007,Bedroom,Bedroom,ON,Control4-MotionArea,Other_Activity
2013-03-17,2013-03-17 13:06:39,2013-03-17 13:09:39,MA011,Kitchen,Kitchen,ON,Control4-MotionArea,Wash_Dishes
2013-03-17,2013-03-17 13:09:40,2013-03-17 13:10:14,MA013,DiningRoom,DiningRoom,ON,Control4-MotionArea,Other_Activity
2013-03-17,2013-03-17 13:10:14,2013-03-17 13:11:58,MA006,Bathroom,Bathroom,ON,Control4-MotionArea,Toilet
2013-03-17,2013-03-17 13:12:07,2013-03-17 13:16:59,M004,LivingRoom,Hall,ON,Control4-Motion,Other_Activity
2013-03-17,2013-03-17 13:16:59,2013-03-17 13:16:59,MA014,Bedroom,Bedroom,ON,Control4-MotionArea,Sleep
2013-03-17,2013-03-17 13:17:00,2013-03-17 13:17:00,LS015,Ignore,Ignore,22,Control4-LightSensor,Other_Activity
2013-03-17,2013-03-17 13:17:01,2013-03-17 14:46:05,MA014,Bedroom,Bedroom,OFF,Control4-MotionArea,Sleep
2013-03-17,2013-03-17 14:46:12,2013-03-17 14:49:40,LS015,Ignore,Ignore,11,Control4-LightSensor,Other_Activity
2013-03-17,2013-03-17 14:49:40,2013-03-17 14:51:30,MA006,Bathroom,Bathroom,ON,Control4-MotionArea,Toilet
2013-03-17,2013-03-17 14:51:31,2013-03-17 14:52:05,LS003,Ignore,Ignore,15,Control4-LightSensor,Other_Activity
2013-03-17,2013-03-17 14:52:05,2013-03-17 14:56:30,MA011,Kitchen,Kitchen,ON,Control4-MotionArea,Wash_Dishes
2013-03-17,2013-03-17 14:56:30,2013-03-17 14:57:22,LS002,Ignore,Ignore,3,Control4-LightSensor,Other_Activity
2013-03-17,2013-03-17 14:57:22,2013-03-17 15:09:37,MA007,Bedroom,Bedroom,ON,Control4-MotionArea,Watch_TV
2013-03-17,2013-03-17 15:09:42,2013-03-17 15:13:53,LS016,Ignore,Ignore,45,Control4-LightSensor,Other_Activity
2013-03-17,2013-03-17 15:13:53,2013-03-17 15:49:43,MA007,Bedroom,Bedroom,ON,Control4-MotionArea,Watch_TV
2013-03-17,2013-03-17 15:49:44,2013-03-17 15:52:34,MA015,Bedroom,Bedroom,ON,Control4-MotionArea,Other_Activity
2013-03-17,2013-03-17 15:52:34,2013-03-17 15:55:23,MA011,Kitchen,Kitchen,ON,Control4-MotionArea,Drink
2013-03-17,2013-03-17 15:55:37,2013-03-17 15:56:42,LS013,Ignore,Ignore,15,Control4-LightSensor,Other_Activity
2013-03-17,2013-03-17 15:56:42,2013-03-17 16:51:30,MA007,Bedroom,Bedroom,ON,Control4-MotionArea,Watch_TV
2013-03-17,2013-03-17 16:51:34,2013-03-17 16:51:44,MA016,LivingRoom,LivingRoom,ON,Control4-MotionArea,Other_Activity
2013-03-17,2013-03-17 16:51:44,2013-03-17 17:04:59,MA007,Bedroom,Bedroom,ON,Control4-MotionArea,Watch_TV
2013-03-17,2013-03-17 17:05:04,2013-03-17 17:05:11,M004,LivingRoom,Hall,ON,Control4-Motion,Other_Activity
2013-03-17,2013-03-17 17:05:17,2013-03-17 17:06:50,MA006,Bathroom,Bathroom,ON,Control4-MotionArea,Toilet
2013-03-17,2013-03-17 17:06:54,2013-03-17 17:07:13,LS004,Ignore,Ignore,4,Control4-LightSensor,Other_Activity
2013-03-17,2013-03-17 17:07:17,2013-03-17 17:14:04,MA007,Bedroom,Bedroom,ON,Control4-MotionArea,Watch_TV
2013-03-17,2013-03-17 17:14:09,2013-03-17 17:14:23,MA016,LivingRoom,LivingRoom,ON,Control4-MotionArea,Other_Activity
2013-03-17,2013-03-17 17:14:28,2013-03-17 17:16:48,MA007,Bedroom,Bedroom,ON,Control4-MotionArea,Watch_TV
2013-03-17,2013-03-17 17:16:58,2013-03-17 17:17:37,MA013,DiningRoom,DiningRoom,ON,Control4-MotionArea,Other_Activity
2013-03-17,2013-03-17 17:17:46,2013-03-17 17:19:56,M004,LivingRoom,Hall,ON,Control4-Motion,Leave_Home
2013-03-17,2013-03-17 17:24:13,2013-03-17 17:41:58,LS016,Ignore,Ignore,7,Control4-LightSensor,Other_Activity
2013-03-17,2013-03-17 17:42:27,2013-03-17 17:45:36,D002,OutsideDoor,FrontDoor,OPEN,Control4-Door,Enter_Home
2013-03-17,2013-03-17 17:45:51,2013-03-17 17:48:05,LS006,Ignore,Ignore,65,Control4-LightSensor,Other_Activity
2013-03-17,2013-03-17 17:48:05,2013-03-17 17:58:21,MA011,Kitchen,Kitchen,ON,Control4-MotionArea,Cook_Dinner
2013-03-17,2013-03-17 17:58:23,2013-03-17 17:58:45,LS013,Ignore,Ignore,6,Control4-LightSensor,Other_Activity
2013-03-17,2013-03-17 17:58:50,2013-03-17 18:29:26,MA007,Bedroom,Bedroom,ON,Control4-MotionArea,Phone
2013-03-17,2013-03-17 18:29:27,2013-03-17 18:29:53,MA007,Bedroom,Bedroom,ON,Control4-MotionArea,Other_Activity
2013-03-17,2013-03-17 18:29:53,2013-03-17 18:37:06,MA011,Kitchen,Kitchen,ON,Control4-MotionArea,Cook_Dinner
2013-03-17,2013-03-17 18:37:07,2013-03-17 18:37:26,MA013,DiningRoom,DiningRoom,ON,Control4-MotionArea,Other_Activity
2013-03-17,2013-03-17 18:37:27,2013-03-17 18:56:15,MA007,Bedroom,Bedroom,ON,Control4-MotionArea,Eat_Dinner
2013-03-17,2013-03-17 18:56:23,2013-03-17 18:56:34,LS016,Ignore,Ignore,1,Control4-LightSensor,Other_Activity
2013-03-17,2013-03-17 18:56:34,2013-03-17 19:03:12,MA011,Kitchen,Kitchen,ON,Control4-MotionArea,Wash_Dinner_Dishes
2013-03-17,2013-03-17 19:03:15,2013-03-17 19:04:24,M002,Kitchen,Kitchen,ON,Control4-Motion,Evening_Meds
2013-03-17,2013-03-17 19:04:25,2013-03-17 19:04:43,MA013,DiningRoom,DiningRoom,ON,Control4-MotionArea,Other_Activity
2013-03-17,2013-03-17 19:04:48,2013-03-17 20:18:30,MA007,Bedroom,Bedroom,ON,Control4-MotionArea,Watch_TV
2013-03-17,2013-03-17 20:19:43,2013-03-17 20:20:13,MA013,DiningRoom,DiningRoom,ON,Control4-MotionArea,Other_Activity
2013-03-17,2013-03-17 20:20:13,2013-03-17 20:21:10,MA011,Kitchen,Kitchen,ON,Control4-MotionArea,Wash_Dishes
2013-03-17,2013-03-17 20:21:37,2013-03-17 20:22:29,MA013,DiningRoom,DiningRoom,ON,Control4-MotionArea,Other_Activity
2013-03-17,2013-03-17 20:22:29,2013-03-17 20:24:08,MA011,Kitchen,Kitchen,ON,Control4-MotionArea,Wash_Dishes
2013-03-17,2013-03-17 20:24:08,2013-03-17 20:24:43,MA013,DiningRoom,DiningRoom,ON,Control4-MotionArea,Other_Activity
2013-03-17,2013-03-17 20:24:49,2013-03-17 20:30:39,MA007,Bedroom,Bedroom,ON,Control4-MotionArea,Dress
2013-03-17,2013-03-17 20:30:39,2013-03-17 20:45:38,MA007,Bedroom,Bedroom,ON,Control4-MotionArea,Other_Activity
2013-03-17,2013-03-17 20:45:38,2013-03-17 20:46:30,MA011,Kitchen,Kitchen,ON,Control4-MotionArea,Drink
2013-03-17,2013-03-17 20:46:31,2013-03-17 20:47:53,MA013,DiningRoom,DiningRoom,ON,Control4-MotionArea,Other_Activity
2013-03-17,2013-03-17 20:47:53,2013-03-17 20:54:42,MA006,Bathroom,Bathroom,ON,Control4-MotionArea,Personal_Hygiene
2013-03-17,2013-03-17 20:54:47,2013-03-17 20:56:03,LS006,Ignore,Ignore,0,Control4-LightSensor,Other_Activity
2013-03-17,2013-03-17 20:56:05,2013-03-17 21:10:53,MA015,Bedroom,Bedroom,ON,Control4-MotionArea,Watch_TV
2013-03-17,2013-03-17 21:10:55,2013-03-18 04:12:12,MA007,Bedroom,Bedroom,ON,Control4-MotionArea,Sleep
2013-03-24,2013-03-24 05:19:38,2013-03-24 05:21:27,MA015,Bedroom,Bedroom,ON,Control4-MotionArea,Other_Activity
2013-03-24,2013-03-24 05:21:27,2013-03-24 05:26:48,MA006,Bathroom,Bathroom,ON,Control4-MotionArea,Toilet
2013-03-24,2013-03-24 05:26:52,2013-03-24 05:29:03,LS006,Ignore,Ignore,0,Control4-LightSensor,Other_Activity
2013-03-24,2013-03-24 05:29:05,2013-03-24 06:56:20,MA015,Bedroom,Bedroom,ON,Control4-MotionArea,Sleep
2013-03-24,2013-03-24 07:01:22,2013-03-24 07:05:04,MA014,Bedroom,Bedroom,ON,Control4-MotionArea,Other_Activity
2013-03-24,2013-03-24 07:05:04,2013-03-24 07:06:34,M001,Kitchen,Kitchen,ON,Control4-Motion,Morning_Meds
2013-03-24,2013-03-24 07:06:35,2013-03-24 07:17:54,LS013,Ignore,Ignore,5,Control4-LightSensor,Other_Activity
2013-03-24,2013-03-24 07:17:54,2013-03-24 07:18:28,M001,Kitchen,Kitchen,ON,Control4-Motion,Drink
2013-03-24,2013-03-24 07:18:29,2013-03-24 07:18:29,LS013,Ignore,Ignore,2,Control4-LightSensor,Other_Activity
2013-03-24,2013-03-24 07:18:30,2013-03-24 07:18:30,MA011,Kitchen,Kitchen,OFF,Control4-MotionArea,Drink
2013-03-24,2013-03-24 07:18:33,2013-03-24 07:19:41,MA013,DiningRoom,DiningRoom,OFF,Control4-MotionArea,Other_Activity
2013-03-24,2013-03-24 07:19:41,2013-03-24 07:31:39,MA006,Bathroom,Bathroom,ON,Control4-MotionArea,Bathe
2013-03-24,2013-03-24 07:31:42,2013-03-24 07:31:48,LS004,Ignore,Ignore,19,Control4-LightSensor,Other_Activity
2013-03-24,2013-03-24 07:31:50,2013-03-24 07:42:00,MA007,Bedroom,Bedroom,ON,Control4-MotionArea,Dress
2013-03-24,2013-03-24 07:42:05,2013-03-24 07:42:43,MA016,LivingRoom,LivingRoom,ON,Control4-MotionArea,Other_Activity
2013-03-24,2013-03-24 07:42:43,2013-03-24 07:46:08,MA006,Bathroom,Bathroom,ON,Control4-MotionArea,Groom
2013-03-24,2013-03-24 07:46:11,2013-03-24 08:01:03,LS004,Ignore,Ignore,19,Control4-LightSensor,Other_Activity
2013-03-24,2013-03-24 08:01:03,2013-03-24 08:07:25,MA007,Bedroom,Bedroom,ON,Control4-MotionArea,Phone
2013-03-24,2013-03-24 08:07:29,2013-03-24 08:14:44,M004,LivingRoom,Hall,ON,Control4-Motion,Other_Activity
2013-03-24,2013-03-24 08:14:46,2013-03-24 08:15:49,M004,LivingRoom,Hall,ON,Control4-Motion,Leave_Home
2013-03-24,2013-03-24 08:18:33,2013-03-24 09:58:33,LS012,Ignore,Ignore,14,Control4-LightSensor,Other_Activity
2013-03-24,2013-03-24 10:02:38,2013-03-24 10:02:58,D002,OutsideDoor,FrontDoor,OPEN,Control4-Door,Enter_Home
2013-03-24,2013-03-24 10:03:04,2013-03-24 10:03:09,MA013,DiningRoom,DiningRoom,ON,Control4-MotionArea,Other_Activity
2013-03-24,2013-03-24 10:03:09,2013-03-24 10:03:30,MA011,Kitchen,Kitchen,ON,Control4-MotionArea,Dress
2013-03-24,2013-03-24 10:03:30,2013-03-24 10:04:45,MA013,DiningRoom,DiningRoom,ON,Control4-MotionArea,Other_Activity
2013-03-24,2013-03-24 10:04:45,2013-03-24 10:34:19,MA007,Bedroom,Bedroom,ON,Control4-MotionArea,Phone
2013-03-24,2013-03-24 10:34:24,2013-03-24 10:41:16,MA014,Bedroom,Bedroom,ON,Control4-MotionArea,Other_Activity
2013-03-24,2013-03-24 10:41:19,2013-03-24 10:44:04,MA006,Bathroom,Bathroom,ON,Control4-MotionArea,Toilet
2013-03-24,2013-03-24 10:44:05,2013-03-24 10:44:20,LS006,Ignore,Ignore,3,Control4-LightSensor,Other_Activity
2013-03-24,2013-03-24 10:44:21,2013-03-24 10:45:21,MA007,Bedroom,Bedroom,ON,Control4-MotionArea,Dress
2013-03-24,2013-03-24 10:45:22,2013-03-24 10:46:09,MA007,Bedroom,Bedroom,ON,Control4-MotionArea,Other_Activity
2013-03-24,2013-03-24 10:46:15,2013-03-24 10:46:33,M004,LivingRoom,Hall,ON,Control4-Motion,Leave_Home
2013-03-24,2013-03-24 10:47:03,2013-03-24 13:17:38,T107,Ignore,LivingRoomTemp,21,Control4-Temperature,Other_Activity
2013-03-24,2013-03-24 13:20:11,2013-03-24 13:20:30,D002,OutsideDoor,FrontDoor,OPEN,Control4-Door,Enter_Home
2013-03-24,2013-03-24 13:21:06,2013-03-24 13:21:41,MA016,LivingRoom,LivingRoom,ON,Control4-MotionArea,Other_Activity
2013-03-24,2013-03-24 13:21:41,2013-03-24 13:57:51,MA007,Bedroom,Bedroom,ON,Control4-MotionArea,Relax
2013-03-24,2013-03-24 13:57:55,2013-03-24 13:58:21,MA015,Bedroom,Bedroom,ON,Control4-MotionArea,Other_Activity
2013-03-24,2013-03-24 13:58:23,2013-03-24 14:00:07,MA006,Bathroom,Bathroom,ON,Control4-MotionArea,Toilet
2013-03-24,2013-03-24 14:00:13,2013-03-24 14:00:35,LS004,Ignore,Ignore,10,Control4-LightSensor,Other_Activity
2013-03-24,2013-03-24 14:00:36,2013-03-24 14:03:24,MA011,Kitchen,Kitchen,ON,Control4-MotionArea,Wash_Dishes
2013-03-24,2013-03-24 14:03:27,2013-03-24 14:03:27,MA013,DiningRoom,DiningRoom,ON,Control4-MotionArea,Other_Activity
2013-03-24,2013-03-24 14:03:27,2013-03-24 14:03:27,M001,Kitchen,Kitchen,OFF,Control4-Motion,Wash_Dishes
2013-03-24,2013-03-24 14:03:27,2013-03-24 14:03:27,LS011,Ignore,Ignore,34,Control4-LightSensor,Other_Activity
2013-03-24,2013-03-24 14:03:28,2013-03-24 14:03:28,MA011,Kitchen,Kitchen,OFF,Control4-MotionArea,Wash_Dishes
2013-03-24,2013-03-24 14:03:29,2013-03-24 14:03:33,MA013,DiningRoom,DiningRoom,OFF,Control4-MotionArea,Other_Activity
2013-03-24,2013-03-24 14:03:33,2013-03-24 14:05:14,MA007,Bedroom,Bedroom,ON,Control4-MotionArea,Phone
2013-03-24,2013-03-24 14:05:19,2013-03-24 14:05:42,MA016,LivingRoom,LivingRoom,ON,Control4-MotionArea,Other_Activity
2013-03-24,2013-03-24 14:05:42,2013-03-24 14:07:57,MA011,Kitchen,Kitchen,ON,Control4-MotionArea,Cook
2013-03-24,2013-03-24 14:07:58,2013-03-24 14:08:22,MA013,DiningRoom,DiningRoom,ON,Control4-MotionArea,Other_Activity
2013-03-24,2013-03-24 14:08:23,2013-03-24 14:17:12,MA011,Kitchen,Kitchen,ON,Control4-MotionArea,Cook
2013-03-24,2013-03-24 14:17:12,2013-03-24 14:17:25,LS013,Ignore,Ignore,31,Control4-LightSensor,Other_Activity
2013-03-24,2013-03-24 14:17:25,2013-03-24 14:18:39,MA007,Bedroom,Bedroom,ON,Control4-MotionArea,Eat
2013-03-24,2013-03-24 14:20:00,2013-03-24 14:30:22,LS006,Ignore,Ignore,2,Control4-LightSensor,Other_Activity
2013-03-24,2013-03-24 14:31:54,2013-03-24 15:04:55,MA014,Bedroom,Bedroom,ON,Control4-MotionArea,Watch_TV
2013-03-24,2013-03-24 15:04:56,2013-03-24 15:05:18,LS007,Ignore,Ignore,20,Control4-LightSensor,Other_Activity
2013-03-24,2013-03-24 15:05:18,2013-03-24 15:08:00,MA011,Kitchen,Kitchen,ON,Control4-MotionArea,Wash_Dishes
2013-03-24,2013-03-24 15:08:01,2013-03-24 15:08:31,LS002,Ignore,Ignore,4,Control4-LightSensor,Other_Activity
2013-03-24,2013-03-24 15:08:32,2013-03-24 16:37:15,MA007,Bedroom,Bedroom,ON,Control4-MotionArea,Sleep
2013-03-24,2013-03-24 16:37:22,2013-03-24 16:40:15,LS015,Ignore,Ignore,8,Control4-LightSensor,Other_Activity
2013-03-24,2013-03-24 16:40:15,2013-03-24 16:42:22,MA006,Bathroom,Bathroom,ON,Control4-MotionArea,Toilet
2013-03-24,2013-03-24 16:42:28,2013-03-24 16:44:05,M004,LivingRoom,Hall,ON,Control4-Motion,Other_Activity
2013-03-24,2013-03-24 16:44:09,2013-03-24 16:49:06,MA007,Bedroom,Bedroom,ON,Control4-MotionArea,Dress
2013-03-24,2013-03-24 16:49:11,2013-03-24 16:49:12,LS016,Ignore,Ignore,14,Control4-LightSensor,Other_Activity
2013-03-24,2013-03-24 16:49:29,2013-03-24 16:49:44,M004,LivingRoom,Hall,ON,Control4-Motion,Leave_Home
2013-03-24,2013-03-24 16:52:00,2013-03-24 17:21:59,LS012,Ignore,Ignore,23,Control4-LightSensor,Other_Activity
2013-03-24,2013-03-24 17:29:18,2013-03-24 17:29:55,D002,OutsideDoor,FrontDoor,OPEN,Control4-Door,Enter_Home
2013-03-24,2013-03-24 17:30:01,2013-03-24 17:31:34,MA013,DiningRoom,DiningRoom,ON,Control4-MotionArea,Other_Activity
2013-03-24,2013-03-24 17:31:35,2013-03-24 17:40:15,MA015,Bedroom,Bedroom,ON,Control4-MotionArea,Relax
2013-03-24,2013-03-24 17:40:22,2013-03-24 17:40:39,MA007,Bedroom,Bedroom,ON,Control4-MotionArea,Other_Activity
2013-03-24,2013-03-24 17:40:41,2013-03-24 17:41:49,MA011,Kitchen,Kitchen,ON,Control4-MotionArea,Drink
2013-03-24,2013-03-24 17:41:49,2013-03-24 17:41:56,LS013,Ignore,Ignore,11,Control4-LightSensor,Other_Activity
2013-03-24,2013-03-24 17:42:00,2013-03-24 17:59:28,MA007,Bedroom,Bedroom,ON,Control4-MotionArea,Phone
2013-03-24,2013-03-24 17:59:31,2013-03-24 17:59:50,MA007,Bedroom,Bedroom,ON,Control4-MotionArea,Other_Activity
2013-03-24,2013-03-24 17:59:50,2013-03-24 18:00:24,M001,Kitchen,Kitchen,ON,Control4-Motion,Evening_Meds
2013-03-24,2013-03-24 18:00:25,2013-03-24 18:00:40,MA013,DiningRoom,DiningRoom,ON,Control4-MotionArea,Other_Activity
2013-03-24,2013-03-24 18:00:41,2013-03-24 18:33:20,MA014,Bedroom,Bedroom,ON,Control4-MotionArea,Watch_TV
2013-03-24,2013-03-24 18:33:29,2013-03-24 18:33:38,LS016,Ignore,Ignore,6,Control4-LightSensor,Other_Activity
2013-03-24,2013-03-24 18:33:38,2013-03-24 18:34:46,MA011,Kitchen,Kitchen,ON,Control4-MotionArea,Cook_Dinner
2013-03-24,2013-03-24 18:34:46,2013-03-24 18:35:01,MA013,DiningRoom,DiningRoom,ON,Control4-MotionArea,Other_Activity
2013-03-24,2013-03-24 18:35:01,2013-03-24 18:38:59,MA011,Kitchen,Kitchen,ON,Control4-MotionArea,Cook_Dinner
2013-03-24,2013-03-24 18:39:01,2013-03-24 18:39:20,LS013,Ignore,Ignore,6,Control4-LightSensor,Other_Activity
2013-03-24,2013-03-24 18:39:20,2013-03-24 18:39:20,MA015,Bedroom,Bedroom,ON,Control4-MotionArea,Eat_Dinner
2013-03-24,2013-03-24 18:39:22,2013-03-24 18:39:22,MA007,Bedroom,Bedroom,OFF,Control4-MotionArea,Other_Activity
2013-03-24,2013-03-24 18:39:22,2013-03-24 18:39:22,MA014,Bedroom,Bedroom,ON,Control4-MotionArea,Eat_Dinner
2013-03-24,2013-03-24 18:39:23,2013-03-24 18:39:23,LS015,Ignore,Ignore,12,Control4-LightSensor,Other_Activity
2013-03-24,2013-03-24 18:39:23,2013-03-24 18:39:26,MA015,Bedroom,Bedroom,OFF,Control4-MotionArea,Eat_Dinner
2013-03-24,2013-03-24 18:41:59,2013-03-24 19:47:47,LS012,Ignore,Ignore,9,Control4-LightSensor,Other_Activity
2013-03-24,2013-03-24 19:55:02,2013-03-24 20:10:53,MA014,Bedroom,Bedroom,ON,Control4-MotionArea,Watch_TV
2013-03-24,2013-03-24 20:10:58,2013-03-24 20:11:14,MA007,Bedroom,Bedroom,ON,Control4-MotionArea,Other_Activity
2013-03-24,2013-03-24 20:11:14,2013-03-24 20:18:57,MA011,Kitchen,Kitchen,ON,Control4-MotionArea,Wash_Dinner_Dishes
2013-03-24,2013-03-24 20:18:58,2013-03-24 20:21:14,LS001,Ignore,Ignore,0,Control4-LightSensor,Other_Activity
2013-03-24,2013-03-24 20:21:14,2013-03-24 20:25:48,M003,OutsideDoor,Entry,ON,Control4-Motion,Step_Out
2013-03-24,2013-03-24 20:25:49,2013-03-24 20:26:11,M004,LivingRoom,Hall,ON,Control4-Motion,Other_Activity
2013-03-24,2013-03-24 20:26:11,2013-03-24 20:30:35,MA007,Bedroom,Bedroom,ON,Control4-MotionArea,Dress
2013-03-24,2013-03-24 20:31:02,2013-03-24 20:31:11,LS004,Ignore,Ignore,17,Control4-LightSensor,Other_Activity
2013-03-24,2013-03-24 20:31:11,2013-03-24 20:36:37,MA006,Bathroom,Bathroom,ON,Control4-MotionArea,Personal_Hygiene
2013-03-24,2013-03-24 20:36:38,2013-03-24 20:38:15,LS006,Ignore,Ignore,0,Control4-LightSensor,Other_Activity
2013-03-24,2013-03-24 20:38:17,2013-03-25 05:56:58,MA007,Bedroom,Bedroom,ON,Control4-MotionArea,Sleep
